"alphalocalization","diffusion","diffusionsteps","distance","entropy","growthrate","moran","population","replication","rsquared","slope"
1.78073246807934,0.0296767675527828,2,0.57978384948234,0.638878638030741,9127.29608419111,0.0391970954862721,676693.407559392,-1019360199,0.839807299716143,-0.748791027370529
