"alphalocalization","diffusion","diffusionsteps","distance","entropy","growthrate","moran","population","replication","rsquared","slope"
1.88133211444407,0.079214850732926,1,0.815092289071271,0.800432227294101,14065.9512540601,0.019449891585783,409119.428554438,-1064420488,0.93366598515843,-0.637537002410221
