"alphalocalization","diffusion","diffusionsteps","distance","entropy","growthrate","moran","population","replication","rsquared","slope"
1.94274190068622,0.0857136787145084,1,0.636043391951013,0.737406774612599,17072.6208067387,0.0396592153729075,664930.794266648,-171530897,0.916664934449557,-0.768276415966508
